"Program","CardName","Issuer","Link","IntroOffer","Cash","Points","Nights","Credit","FeeWaived1stYr","Fee","Spend","img","Rate","Value"
"AeroMexico","AeroMexico Visa Card","US","https://www.usbank.com/credit-cards/aeromexico-visa-credit-card.html?ics_src=19649","Receive 15,000 bonus miles after your first card use.1",0,15000,0,0,1,45,0,"https://www.usbank.com//images/credit-card/aeromexico_plat_110_70.png?6-15",0.01,150
"AeroMexico","AeroMexico Visa Secured Card","US","https://www.usbank.com/credit-cards/aeromexico-visa-secured-credit-card.html?ics_src=19649","Receive 5,000 bonus miles after your first card use.2",0,5000,0,0,1,25,0,"https://www.usbank.com//images/credit-card/aeromexico_plat_110_70.png?6-15",0.01,50
"AeroMexico","AeroMexico Visa Signature Card","US","https://www.usbank.com/credit-cards/aeromexico-visa-signature-credit-card.html?ics_src=19649","Receive 20,000 bonus miles after your first card use.1",0,20000,0,0,1,80,0,"https://www.usbank.com//images/credit-card/aeromexico_sig_110_70.png?6-15",0.01,200
"Alaska","Alaska Airlines Visa Signature","BOA","https://www.bankofamerica.com/credit-cards/products/alaska-airlines-credit-card/","30,000 bonus miles offer",0,30000,0,0,0,75,1000,"https://www.bankofamerica.com/content/images/ContextualSiteGraphics/CreditCardArt/en_US/Approved_PCM/1bbt_sigcm_v_mileageplan_250x158.png",0.018,465
"Allegiant","Allegiant World Mastercard","BOA","https://www.bankofamerica.com/credit-cards/products/allegiant-world-credit-card/","15,000 bonus points offer",0,15000,0,0,0,59,1000,"https://www.bankofamerica.com/content/images/ContextualSiteGraphics/CreditCardArt/en_US/Approved_PCM/ragp_wldcm_mc_250x158.png",0.01,91
"American","Citi AAdvantage Platinum Select World Elite Mastercard","Citi","https://www.citi.com/credit-cards/credit-card-details/citi.action?ID=citi-aadvantage-platinum-elite-credit-card&category=view-all-credit-cards&afc=1C2&intc=7~7~67~1~MCT~1~citi-aadvantage-platinum-elite-credit-card~4XSX1F8751C2L10202W","Don't pass this up - apply today Earn 60,000 American Airlines AAdvantageÂ® bonus miles after making $3,000 in purchases within the first 3 months of account opening.2 Annual Fee: $95 (Fee waived for the first 12 months)1",0,60000,0,0,1,95,3000,"https://www.citi.com/CRD/images/card_no_reflection/citi-aadvantage-platinum-elite-credit-card.jpg",0.015,900
"American","AAdvantage Aviator Red World Elite Mastercard","Barclay","https://home.barclaycardus.com/cards/aadvantage-aviator-red-world-elite-mastercard.html","Earn 50,000 American Airlines AAdvantage® bonus miles",0,50000,0,0,0,95,0,"https://home.barclaycardus.com/content/dam/bcuspublic/card-plastic/card-front/AAFlat-Card.png",0.015,655
"American","Citi AAdvantage Gold World Elite Mastercard","Citi","https://www.citi.com/credit-cards/credit-card-details/citi.action?ID=citi-aadvantage-gold-elite-credit-card&category=view-all-credit-cards&afc=1C2&intc=7~7~67~1~MCT~1~CMSDefaultOffer~4XRW12V731C2111111W","Earn 25,000 American Airlines AAdvantageÂ® bonus miles after making $750 in purchases within the first 3 months of account opening2. Enjoy our lowest intro APR on purchases and balance transfers. Annual Fee: $50 (Fee waived for the first 12 months)1",0,25000,0,0,1,50,750,"https://www.citi.com/CRD/images/card_no_reflection/citi-aadvantage-gold-elite-credit-card.jpg",0.015,375
"American","Citi AAdvantage Executive World Elite Mastercard","Citi","https://www.citi.com/credit-cards/credit-card-details/citi.action?ID=citi-aadvantage-executive-credit-card&category=view-all-credit-cards&afc=1C2&intc=7~7~67~1~MCT~1~CMSDefaultOffer~4XEB1K6731C2111111W","Donâ<U+0080><U+0099>t pass this offer up â<U+0080><U+0093> apply today Earn 50,000 American Airlines AAdvantageÂ® bonus miles after making $5,000 in purchases within the first 3 months of account opening.2 Plus, Admirals ClubÂ® membership. Annual Fee: $4501",0,50000,0,0,0,450,5000,"https://www.citi.com/CRD/images/card_no_reflection/citi-aadvantage-executive-credit-card.jpg",0.015,300
"American","CitiBusiness AAdvantage Platinum Select World Mastercard","Citi","https://www.citi.com/credit-cards/credit-card-details/citi.action?ID=citibusiness-aadvantage-platinum-select-credit-card&category=view-all-credit-cards&afc=1C2&intc=7~7~67~1~MCT~1~CMSDefaultOffer~6HXZELK751C2L00101W","Earn 60,000 American Airlines AAdvantageÂ® bonus miles after spending $3,000 in purchases within the first 3 months of account opening. Annual Fee $95 (Fee waived for the first 12 months)1",0,60000,0,0,1,95,3000,"https://www.citi.com/CRD/images/card_no_reflection/citibusiness-aadvantage-platinum-select-credit-card.jpg",0.015,900
"American Express Membership Rewards","Amex EveryDay Credit Card","Amex","https://www.americanexpress.com/us/credit-cards/card/amex-everyday/","Earn 10,000Membership Rewards® pointsafter you use your new Card to make $1,000 in purchases in your first 3 months.†",0,10000,0,0,0,0,1000,"https://icm.aexp-static.com/Internet/Acquisition/US_en/AppContent/OneSite/category/cardarts/amex-everyday.png",0.019,190
"American Express Membership Rewards","Premier Rewards Gold Card from American Express","Amex","https://www.americanexpress.com/us/credit-cards/card/premier-rewards-gold/","Earn 25,000 Points†after you spend $2,000 on purchases on your new Card in your first 3 months of Card Membership.†",0,25000,0,100,1,195,2000,"https://icm.aexp-static.com/Internet/Acquisition/US_en/AppContent/OneSite/category/cardarts/premier-rewards-gold.png",0.019,575
"American Express Membership Rewards","The Platinum Card from American Express","Amex","https://www.americanexpress.com/us/credit-cards/card/platinum/","NEW WELCOME OFFEREarn 60,000 Membership Rewards® Pointsafter you use your new Card to make $5,000 in purchases in your first 3 months.†",0,60000,0,200,0,0,5000,"https://icm.aexp-static.com/Internet/Acquisition/US_en/AppContent/OneSite/category/cardarts/platinum-card.png",0.019,1340
"American Express Membership Rewards","The Mercedes Benz Credit Card from American Express","Amex","https://www.americanexpress.com/us/credit-cards/card/mercedes-benz/","10,000Membership Rewards® Points†Earn 10,000 Membership Rewards® points after you use your new Card to make $1,000 in purchases within the first 3 months.†",0,10000,0,0,0,95,1000,"https://icm.aexp-static.com/Internet/Acquisition/US_en/AppContent/OneSite/category/cardarts/mercedes-benz.png",0.019,95
"American Express Membership Rewards","Plenti Credit Card from Amex","Amex","https://www.americanexpress.com/us/credit-cards/card/plenti/","Earn 5,000 Plenti® Pointsafter you spend $250 in purchases on your Plenti® Credit Card from Amex within your first 3 months of Card Membership.†",0,5000,0,0,0,0,250,"https://icm.aexp-static.com/Internet/Acquisition/US_en/AppContent/OneSite/category/cardarts/plenti-card.png",0.019,95
"American Express Membership Rewards","Gold Card from American Express","Amex","https://www.americanexpress.com/us/credit-cards/card/gold/","Get 2X Points2X points for flights booked directly with airlines and at US restaurants.1X points on other purchases.Terms and limitations apply.‡",0,0,0,0,1,160,0,"https://icm.aexp-static.com/Internet/Acquisition/US_en/AppContent/OneSite/category/cardarts/gold-card.png",0.019,0
"American Express Membership Rewards","Blue from American Express Card","Amex","https://www.americanexpress.com/us/credit-cards/card/blue/","Earn Rewards with No Annual Fee",0,0,0,0,0,0,0,"https://icm.aexp-static.com/Internet/Acquisition/US_en/AppContent/OneSite/category/cardarts/blue.png",0.019,0
"American Express Membership Rewards","Blue Cash Preferred Card from American Express","Amex","https://www.americanexpress.com/us/credit-cards/card/blue-cash-preferred/","Earn $150 Backafter you spend $1,000 in purchases on your new Card in your first 3 months. You will receive the $150 back in the form of a statement credit.†",0,0,0,0,0,95,1000,"https://icm.aexp-static.com/Internet/Acquisition/US_en/AppContent/OneSite/category/cardarts/blue-cash-preferred.png",0.019,-95
"American Express Membership Rewards","Blue Sky from American Express Card","Amex","https://www.americanexpress.com/us/credit-cards/card/blue-sky/","Flexible Travel Rewardsand no annual fee.‡¤",0,0,0,0,0,0,0,"https://icm.aexp-static.com/Internet/Acquisition/US_en/AppContent/OneSite/category/cardarts/blue-sky.png",0.019,0
"American Express Membership Rewards","The Business Platinum Card","Amex","https://www.americanexpress.com/us/small-business/credit-cards/business-platinum-card/44281?linknav=us-acq-open-aj-allcards-platinumcard-lm","Welcome OfferEarn up to 75,000 Membership Rewards® pointsEarn 50,000 Membership Rewards® points after you spend $10,000 and an extra 25,000 points after you spend an additional $10,000 all on qualifying purchases on the Business Platinum Card within your first 3 months of Card Membership.†",0,75000,0,0,0,450,10000,"https://icm.aexp-static.com/Internet/Acquisition/US_en/AppContent/OPEN/AJ/ngaosbn/OAimages/amex-open/cardarts/thumbnail/flat/retina/flat-cardart-92.png?version=8",0.019,975
"American Express Membership Rewards","SimplyCash Plus Business Credit Card","Amex","https://www.americanexpress.com/us/small-business/credit-cards/simply-cash-plus-business-credit-card/44281?linknav=us-acq-open-aj-allcards-simplycashplus-lm","Earn cash back on the category of your choice and pay no annual fee.‡",0,0,0,0,0,0,0,"https://icm.aexp-static.com/Internet/Acquisition/US_en/AppContent/OPEN/AJ/ngaosbn/OAimages/amex-open/cardarts/thumbnail/flat/retina/flat-cardart-1043.png?version=8",0.019,0
"American Express Membership Rewards","The Business Gold Rewards Card","Amex","https://www.americanexpress.com/us/small-business/credit-cards/american-express-gold-business-card/44281?linknav=us-acq-open-aj-allcards-goldcardfromopen-lm","Earn 50,000 Membership Rewards® points after you spend $5,000 in qualifying purchases on the Card within your first 3 months of Card Membership.†",0,50000,0,0,1,175,5000,"https://icm.aexp-static.com/Internet/Acquisition/US_en/AppContent/OPEN/AJ/ngaosbn/OAimages/amex-open/cardarts/thumbnail/flat/retina/flat-cardart-111.png?version=8",0.019,950
"American Express Membership Rewards","Lowe's Business Rewards Card from American Express","Amex","https://www.americanexpress.com/us/small-business/credit-cards/lowes-business-rewards-credit-card/44281?linknav=us-acq-open-aj-allcards-lowes-lm","Get the Card that rewards you with Lowe’s Business Rewards points on everyday expenses.‡Plus, get 5% off Every Day from Lowe’s on eligible Lowe’s purchases.‡",0,0,0,0,0,0,0,"https://icm.aexp-static.com/Internet/Acquisition/US_en/AppContent/OPEN/AJ/ngaosbn/OAimages/amex-open/cardarts/thumbnail/flat/retina/flat-cardart-251.png?version=8",0.019,0
"American Express Membership Rewards","The Plum Card","Amex","https://www.americanexpress.com/us/small-business/credit-cards/american-express-plum-card/44281?linknav=us-acq-open-aj-allcards-plum-lm","PAY EARLYGET A1.5%DISCOUNTWITH NO CAP ‡PAY LATERTAKE UP TO60DAYS TO PAY WITHNO INTEREST ‡",0,0,0,0,1,250,0,"https://icm.aexp-static.com/Internet/Acquisition/US_en/AppContent/OPEN/AJ/ngaosbn/OAimages/amex-open/cardarts/thumbnail/flat/retina/flat-cardart-499.png?version=8",0.019,0
"American Express Membership Rewards","Blue Business Plus Credit Card","Amex","https://www.americanexpress.com/us/small-business/credit-cards/american-express-blue-for-business-credit-card/44281?linknav=us-acq-open-aj-allcards-blueforbusiness-lm","Earn points fast with 2x points on the first $50,000 in annual purchases and no category restrictions, all without an annual fee.‡",0,0,0,0,0,0,0,"https://icm.aexp-static.com/Internet/Acquisition/US_en/AppContent/OPEN/AJ/ngaosbn/OAimages/amex-open/cardarts/thumbnail/flat/retina/flat-cardart-1110.png?version=8",0.019,0
"American Express Membership Rewards","Blue Cash Card from American Express","Amex","https://www.americanexpress.com/us/credit-cards/card/blue-cash/","Enjoy Cash Back Rewards‡",0,0,0,0,0,0,0,"https://icm.aexp-static.com/Internet/Acquisition/US_en/AppContent/OneSite/category/cardarts/blue-cash.png",0.019,0
"American Express Membership Rewards","American Express Green Card","Amex","https://www.americanexpress.com/us/credit-cards/card/green/","Start Your Journey with GreenEarn 2x Membership Rewards points for each dollar you spend on eligible purchases at amextravel.com.Earn 1x points on every eligible dollar you spend. Terms and limitations apply‡",0,0,0,0,1,95,0,"https://icm.aexp-static.com/Internet/Acquisition/US_en/AppContent/OneSite/category/cardarts/green-card.png",0.019,0
"American Express Membership Rewards","Amex EveryDay Preferred Credit Card","Amex","https://www.americanexpress.com/us/credit-cards/card/amex-everyday-preferred/","Earn 15,000Membership Rewards® Pointsafter you use your new Card to make $1,000 on purchases on your new Card in your first 3 months.†",0,15000,0,0,0,95,1000,"https://icm.aexp-static.com/Internet/Acquisition/US_en/AppContent/OneSite/category/cardarts/amex-everyday-preferred.png",0.019,190
"American Express Membership Rewards","Business Green Rewards Card","Amex","https://www.americanexpress.com/us/small-business/credit-cards/american-express-green-business-card/44281?linknav=us-acq-open-aj-allcards-greenrewards-lm","Earn 5,000 Membership Rewards® points after your first purchase on the Card.†",0,5000,0,0,1,95,0,"https://icm.aexp-static.com/Internet/Acquisition/US_en/AppContent/OPEN/AJ/ngaosbn/OAimages/amex-open/cardarts/thumbnail/flat/retina/flat-cardart-89.png?version=8",0.019,95
"Amtrak","Amtrak Guest Rewards World Mastercard","BOA","https://www.bankofamerica.com/credit-cards/products/amtrak-guest-rewards-credit-card/","20,000 bonus points offer",0,20000,0,0,0,79,1000,"https://www.bankofamerica.com/content/images/ContextualSiteGraphics/CreditCardArt/en_US/Approved_PCM/ragm_nrwwldcm_mc_250x158.png",0.025,421
"Asiana","Asiana Visa Signature","BOA","https://www.bankofamerica.com/credit-cards/products/asiana-airlines-credit-card/","30,000 bonus miles offer",0,30000,0,0,0,99,3000,"https://www.bankofamerica.com/content/images/ContextualSiteGraphics/CreditCardArt/en_US/Approved_PCM/1bbu_sigcm_v_250x158.png",0.01,201
"Barclaycard Arrival","Barclaycard Arrival World MasterCard","Barclay","https://home.barclaycardus.com/cards/barclaycard-arrival-world-mastercard.html","Earn 20,000 bonus miles",0,20000,0,0,0,0,1000,"https://home.barclaycardus.com/content/dam/bcuspublic/card-plastic/card-front/bcus-arrival1.png",0.01,200
"Barclaycard Arrival","Barclaycard CashForward World Mastercard","Barclay","https://home.barclaycardus.com/cards/barclaycard-cashforward.html","Get a $200 cash rewards bonus with qualifying transactions",200,0,0,0,0,0,1000,"https://home.barclaycardus.com/content/dam/bcuspublic/card-plastic/card-front/cashforward1.png",0.01,200
"Barclaycard Arrival","Barclaycard Arrival Plus World Elite MasterCard","Barclay","https://home.barclaycardus.com/cards/barclaycard-arrival-plus-world-elite-mastercard.html","Earn 50,000 bonus miles after spending $3,000 on purchases in the first 90 days",0,50000,0,0,1,89,3000,"https://home.barclaycardus.com/content/dam/bcuspublic/card-plastic/card-front/bcus-arrival-plus1.png",0.01,500
"Barclaycard Arrival","L L Bean Visa Card","Barclay","https://home.barclaycardus.com/cards/llbean-visa-card.html","0",0,0,0,0,0,0,0,"https://home.barclaycardus.com/content/dam/bcuspublic/card-plastic/card-front/llbean1.png",0.01,0
"Barclaycard Arrival","Barclaycard Visa with Apple Rewards","Barclay","https://home.barclaycardus.com/cards/barclaycard-visa-apple-rewards.html","0",0,0,0,0,0,0,0,"https://home.barclaycardus.com/content/dam/bcuspublic/card-plastic/card-front/apple1_ns.png",0.01,0
"Barclaycard Arrival","Barnes & Noble Mastercard","Barclay","https://home.barclaycardus.com/cards/barnes-noble-mastercard.html","0",0,0,0,0,0,0,0,"https://home.barclaycardus.com/content/dam/bcuspublic/card-plastic/card-front/bn1.png",0.01,0
"Barclaycard Arrival","Barclaycard Ring MasterCard","Barclay","https://home.barclaycardus.com/cards/barclaycard-ring-mastercard.html","0",0,0,0,0,0,0,0,"https://home.barclaycardus.com/content/dam/bcuspublic/card-plastic/card-front/bcus-ring1.png",0.01,0
"Barclaycard Arrival","RCI Elite Rewards MasterCard","Barclay","https://home.barclaycardus.com/cards/rci-elite-rewards-mastercard.html","2,500 bonus rewards after your first purchase",0,2500,0,0,0,0,0,"https://home.barclaycardus.com/content/dam/bcuspublic/card-plastic/card-front/rci1.png",0.01,25
"Barclaycard Arrival","NFL Extra Points Credit Card","Barclay","https://home.barclaycardus.com/cards/nfl-extra-points-credit-card.html","Earn 10,000 bonus points",0,10000,0,0,0,0,500,"https://home.barclaycardus.com/content/dam/bcuspublic/card-plastic/card-front/nfl1.png",0.01,100
"Barclaycard Arrival","Priceline Rewards Visa Card","Barclay","https://home.barclaycardus.com/cards/priceline-rewards-visa-card.html","5,000 bonus points after first purchase",0,0,0,0,0,0,0,"https://home.barclaycardus.com/content/dam/bcuspublic/card-plastic/card-front/priceline1.png",0.01,0
"Barclaycard Arrival","Commence Mastercard","Barclay","https://home.barclaycardus.com/cards/commence-mastercard.html","25% student loan redemption bonus when you redeem into ANY student loan account",0,0,0,0,0,0,0,"https://home.barclaycardus.com/content/dam/bcuspublic/card-plastic/card-front/commence-card-flat.png",0.01,0
"BOA","BankAmericard Cash Rewards","BOA","https://www.bankofamerica.com/credit-cards/products/cash-back-credit-card/","$150 online cash rewards bonus offer",150,0,0,0,0,0,500,"https://www.bankofamerica.com/content/images/ContextualSiteGraphics/CreditCardArt/en_US/Approved_PCM/8beb_cshsigcm_v_250x158.png",0.01,150
"BOA","BankAmericard Travel Rewards","BOA","https://www.bankofamerica.com/credit-cards/products/bankamericard-travel-rewards-credit-card/","20,000 online bonus points offer",0,20000,0,0,0,0,1000,"https://www.bankofamerica.com/content/images/ContextualSiteGraphics/CreditCardArt/en_US/Approved_PCM/8blm_trvsigcm_v_250x158.png",0.01,200
"BOA","BankAmericard","BOA","https://www.bankofamerica.com/credit-cards/products/bankamericard-credit-card/","Save on interest to help pay down your balance faster",0,0,0,0,0,0,0,"https://www.bankofamerica.com/content/images/ContextualSiteGraphics/CreditCardArt/en_US/Approved_PCM/8cae_nrwcm_mc_250x158.png",0.01,0
"BOA","Pink Ribbon BankAmericard Cash Rewards Credit Card","BOA","https://www.bankofamerica.com/credit-cards/products/susan-komen-credit-card/","Help fight breast cancer and get a $150 online cash rewards bonus offer",150,0,0,0,0,0,500,"https://www.bankofamerica.com/content/images/ContextualSiteGraphics/CreditCardArt/en_US/Approved_PCM/qvyd_cshsigcm_v_250_188.png",0.01,150
"BOA","MLB","BOA","https://www.bankofamerica.com/credit-cards/products/mlb-credit-cards/","Support a team you love and get a $150 online cash rewards bonus offer",150,0,0,0,0,0,500,"https://www.bankofamerica.com/content/images/ContextualSiteGraphics/CreditCardArt/en_US/Approved_PCM/dmlb_cshwldvhd_mc_250x158.png",0.01,150
"BOA","World Wildlife Fund","BOA","https://www.bankofamerica.com/credit-cards/products/world-wildlife-fund-credit-card/","Help support WWF and get a $150 online cash rewards bonus offer",150,0,0,0,0,0,500,"https://www.bankofamerica.com/content/images/ContextualSiteGraphics/CreditCardArt/en_US/Approved_PCM/qvyb_cshsigvhd_v_tiger_250x158.png",0.01,150
"BOA","U S Pride","BOA","https://www.bankofamerica.com/credit-cards/products/us-pride-military-credit-card/","$150 online cash rewards bonus offer",150,0,0,0,0,0,500,"https://www.bankofamerica.com/content/images/ContextualSiteGraphics/CreditCardArt/en_US/Approved_PCM/lafu_cshsigcm_v_250x158.png",0.01,150
"BOA","BankAmericard for Students","BOA","https://www.bankofamerica.com/credit-cards/products/low-interest-student-credit-card/","Start building your financial future",0,0,0,0,0,0,0,"https://www.bankofamerica.com/content/images/ContextualSiteGraphics/CreditCardArt/en_US/Approved_PCM/8cae_nrwcm_mc_250x158.png",0.01,0
"BOA","BankAmericard Secured","BOA","https://www.bankofamerica.com/credit-cards/products/secured-credit-card/","Help establish, strengthen - or even rebuild your credit with a card that's simple and convenient",0,0,0,0,0,39,0,"https://www.bankofamerica.com/content/images/ContextualSiteGraphics/CreditCardArt/en_US/Approved_PCM/8cae_nrwcm_mc_250x158.png",0.01,-39
"BOA","BankAmericard Cash Rewards for Students","BOA","https://www.bankofamerica.com/credit-cards/products/student-cash-back-credit-card/","Start building your financial future",0,0,0,0,0,0,500,"https://www.bankofamerica.com/content/images/ContextualSiteGraphics/CreditCardArt/en_US/Approved_PCM/8azc_cshcm_v_250x158.png",0.01,0
"BOA","BankAmericard Travel Rewards for Students","BOA","https://www.bankofamerica.com/credit-cards/products/student-rewards-credit-card/","Start building your financial future",0,0,0,0,0,0,1000,"https://www.bankofamerica.com/content/images/ContextualSiteGraphics/CreditCardArt/en_US/Approved_PCM/8blm_trvcm_v_250x158.png",0.01,0
"British Airways","British Airways Visa Signature card","Chase","https://creditcards.chase.com/credit-cards/british-airways?iCELL=61FY"," Earn 50,000 bonus Avios after you spend $3,000 on purchases with the first 3 months of account opening. Plus earn an additional 25,000 bonus Avios after you spend $10,000 on purchases or 50,000 bonus Avios after you spend a total of $20,000 on purchases within your first year of account opening. ",0,50000,0,0,0,95,3000,"https://creditcards.chase.com/R-Marketplace/1110008/images/cardart/ba_sig_card.png",0.015,655
"Capital One","Venture Rewards","Capital One","https://www.capitalone.com/credit-cards/venture/"," Earn unlimited 2X miles per dollar on every purchase. Plus, earn 40,000 bonus miles once you spend $3,000 on purchases within the first 3 months from account opening* ",0,40000,0,0,1,59,3000,"https://www.capitalone.com/assets/credit-cards/img/4Z1QVfKUk8UQ0akwGaEwCe/9b8ebb6441fd5b11ff09d87fe622b58c/www-venture-visa-sig-flat-9-14.png",0.01,400
"Capital One","Quicksilver Rewards","Capital One","https://www.capitalone.com/credit-cards/quicksilver/"," Earn unlimited 1.5% cash back on every purchase, plus a one-time $100 bonus once you spend $500 on purchases within the first 3 months from account opening* ",100,0,0,0,0,0,500,"https://www.capitalone.com/assets/credit-cards/img/6HnMDkRd7iyGGqIkIcuyWA/40abb36171f1955837cc0eb9a75162a0/www-quicksilver-mc-world-elite-generic-240x151.png",0.01,100
"Capital One","VentureOne Rewards","Capital One","https://www.capitalone.com/credit-cards/ventureone/"," Earn unlimited 1.25 miles per dollar on every purchase. Plus, earn 20,000 bonus miles once you spend $1,000 on purchases within the first 3 months from account opening* ",0,20000,0,0,0,0,1000,"https://www.capitalone.com/assets/credit-cards/img/2xon0IoRbacEgUQ0K6SSoW/ca6e0b7abce0b4dc9554110f19455912/www-ventureone-mc-world-elite-generic-240x151.png",0.01,200
"Capital One","Premier Dining Rewards","Capital One","https://www.capitalone.com/credit-cards/premier-dining-rewards/"," Earn unlimited 3% cash back on dining, 2% on groceries and 1% on all other purchases. Plus, earn a one-time $100 bonus once you spend $500 on purchases within the first 3 months from account opening* ",100,0,0,0,0,0,500,"https://www.capitalone.com/assets/credit-cards/img/4yKPqhJJAIW8gYAyysoqEO/7c6e9a90ddfff65e5bae4d2ac96c09f3/www-blue-steel-mc-worldelite-240x151.png",0.01,100
"Capital One","QuicksilverOne Rewards","Capital One","https://www.capitalone.com/credit-cards/quicksilverone/"," Earn unlimited 1.5% cash back on every purchase, every day ",0,0,0,0,0,39,0,"https://www.capitalone.com/assets/credit-cards/img/6w91IYQXqEcy280um04YQi/897dd159b790150b5e2789e902ba8662/www-quicksilverone-mc-world-elite-full-generic-240x151.png",0.01,-39
"Capital One","Platinum","Capital One","https://www.capitalone.com/credit-cards/platinum/"," Get the credit you need with no annual fee ",0,0,0,0,0,0,0,"https://www.capitalone.com/assets/credit-cards/img/4dkzj4o5oQKoogGu4SMy20/ad35ae41c5cd425307c98bee086e3e9e/www-blue-steel-mc-flat-240x151.png",0.01,0
"Capital One","Journey Student Rewards","Capital One","https://www.capitalone.com/credit-cards/journey-student/"," Build credit with responsible use and earn cash back ",0,0,0,0,0,0,0,"https://www.capitalone.com/assets/credit-cards/img/2erGkrzvgg8A0WoK2m6YGi/707feb4639f3836f5952cffd3b554363/www-journey-emv-visa-flat-240x151.png",0.01,0
"Capital One","Secured MasterCard","Capital One","https://www.capitalone.com/credit-cards/secured-mastercard/"," Refundable deposit of $49, $99 or $200 gets you a $200 initial credit line. Access a higher credit line by making your first 5 monthly payments on time. ",0,0,0,0,0,0,0,"https://www.capitalone.com/assets/credit-cards/img/nhLu8o28c86GASymI08ms/233b0ce6909a7e9b6275291d6138a0f0/www-blue-steel-mc-flat-240x151.png",0.01,0
"Capital One","Spark Cash","Capital One","https://www.capitalone.com/small-business/credit-cards/spark-cash/"," 2% cash back on all purchases. Plus, the opportunity to earn a one-time $500 cash bonus once you spend $4,500 on purchases within the first 3 months from account opening* ",500,0,0,0,1,59,4500,"https://www.capitalone.com/assets/credit-cards/img/4Vez3PcPuUSseaEeimG4sW/072dea9c10bb833561a0d7a8827736b0/spark-cash-240x151.png",0.01,500
"Capital One","Spark Cash Select","Capital One","https://www.capitalone.com/small-business/credit-cards/spark-cash-select/"," 1.5% cash back on all purchases. Plus, the opportunity to earn a one-time $200 cash bonus once you spend $3,000 on purchases within the first 3 months from account opening* ",200,0,0,0,0,0,3000,"https://www.capitalone.com/assets/credit-cards/img/4Vez3PcPuUSseaEeimG4sW/072dea9c10bb833561a0d7a8827736b0/spark-cash-240x151.png",0.01,200
"Capital One","Spark Miles","Capital One","https://www.capitalone.com/small-business/credit-cards/spark-miles/"," 2 miles per dollar on all purchases. Plus, the opportunity to earn a one-time bonus of 50,000 miles—equal to $500 in travel—once you spend $4,500 on purchases within the first 3 months from account opening* ",0,50000,0,0,1,59,4500,"https://www.capitalone.com/assets/credit-cards/img/3tt5a2Fp5mgeyUo6oiuIwg/15e543a99426cd285471c4ef4197185a/spark-miles-emv-visa-sig-flat-240x151-www.png",0.01,500
"Capital One","Spark Miles Select","Capital One","https://www.capitalone.com/small-business/credit-cards/spark-miles-select/"," 1.5 miles per dollar on all purchases. Plus, the opportunity to earn a one-time bonus of 20,000 miles—equal to $200 in travel—once you spend $3,000 on purchases within the first 3 months from account opening* ",0,20000,0,0,0,0,3000,"https://www.capitalone.com/assets/credit-cards/img/3tt5a2Fp5mgeyUo6oiuIwg/15e543a99426cd285471c4ef4197185a/spark-miles-emv-visa-sig-flat-240x151-www.png",0.01,200
"Capital One","Spark Classic","Capital One","https://www.capitalone.com/small-business/credit-cards/spark-classic/"," Get the credit you want for your business, and 1% cash back on purchases ",0,0,0,0,0,0,0,"https://www.capitalone.com/assets/credit-cards/img/acl1mmCpgc8KwkKO4c4oO/a2f8793b755ede3a8d8a06f5f4866044/emv-spark-classic-emv-visa-flat-240x151-www.png",0.01,0
"Carnival","Carnival World MasterCard","Barclay","https://home.barclaycardus.com/cards/carnival-world-mastercard.html","10,000 Bonus “FunPoints®” after first purchase",0,10000,0,0,0,0,0,"https://home.barclaycardus.com/content/dam/bcuspublic/card-plastic/card-front/SMC_card_rRGB_CarnivalWM_EMV_230x157.png",0.01,100
"Celebrity","Celebrity Cruises","BOA","https://www.bankofamerica.com/credit-cards/products/celebrity-cruises-credit-card/","10,000 MyCruise® bonus points offer",0,10000,0,0,0,69,0,"https://www.bankofamerica.com/content/images/ContextualSiteGraphics/CreditCardArt/en_US/Approved_PCM/ragf_sigcm_v_fee_250x158.png",0.01,31
"Chase Ultimate Rewards","Ink Business Cash","Chase","https://creditcards.chase.com/credit-cards/small-business/ink-cash?iCELL=61FY"," $300 bonus cash back after you spend $3,000 on purchases in the first 3 months after account opening. ",300,0,0,0,0,0,3000,"https://creditcards.chase.com/R-Marketplace/1110008/images/cardart/ink_cash_card.png",0.021,300
"Chase Ultimate Rewards","Disney Rewards Visa Card","Chase","https://creditcards.chase.com/credit-cards/disney-rewards?iCELL=61FY"," $50 Disney Gift Card after first purchase with the credit card. ",50,0,0,0,0,0,0,"https://creditcards.chase.com/R-Marketplace/1110008/images/cardart/disney_card.png",0.021,50
"Chase Ultimate Rewards","Chase Freedom Unlimited","Chase","https://creditcards.chase.com/credit-cards/chase-freedom-unlimited?iCELL=61FY"," $150 bonus after you spend $500 on purchases in the first 3 months from account opening. ",150,0,0,0,0,0,500,"https://creditcards.chase.com/R-Marketplace/1110008/images/cardart/freedom_unlimited_card.png",0.021,150
"Chase Ultimate Rewards","Chase Freedom","Chase","https://creditcards.chase.com/credit-cards/chase-freedom?iCELL=61FY"," $150 bonus after you spend $500 on purchases in the first 3 months from account opening. ",150,0,0,0,0,0,500,"https://creditcards.chase.com/R-Marketplace/1110008/images/cardart/freedom_card.png",0.021,150
"Chase Ultimate Rewards","Disney Premier Visa Card","Chase","https://creditcards.chase.com/credit-cards/disney-premier?iCELL=61FY"," $200 Disney Gift Card after you spend $500 on purchases in the first 3 months from account opening. ",200,0,0,0,0,49,500,"https://creditcards.chase.com/R-Marketplace/1110008/images/cardart/disney_premier_card.png",0.021,151
"Chase Ultimate Rewards","Ink Business Preferred","Chase","https://creditcards.chase.com/credit-cards/small-business/ink-business-preferred?iCELL=61FY"," 80,000 bonus points after you spend $5,000 on purchases in the first 3 months after account opening. That's $1,000 toward travel rewards when you redeem through Chase Ultimate Rewards®. ",0,80000,0,0,0,95,5000,"https://creditcards.chase.com/R-Marketplace/1110008/images/cardart/ink_preferred_card.png",0.021,1585
"Chase Ultimate Rewards","Chase Sapphire Preferred","Chase","https://creditcards.chase.com/credit-cards/chase-sapphire-preferred?iCELL=61FY"," 50,000 bonus points after you spend $4,000 on purchases in the first 3 months from account opening. That's $625 toward travel when redeemed through Chase Ultimate Rewards®. ",0,50000,0,0,1,95,4000,"https://creditcards.chase.com/R-Marketplace/1110008/images/cardart/sapphire_preferred_card.png",0.021,1050
"Chase Ultimate Rewards","Chase Sapphire Reserve","Chase","https://creditcards.chase.com/credit-cards/chase-sapphire-reserve?iCELL=61FY"," 50,000 bonus points after you spend $4,000 on purchases in the first 3 months from account opening. ",0,50000,0,300,0,450,4000,"https://creditcards.chase.com/R-Marketplace/1110008/images/cardart/sapphire_reserve_card.png",0.021,900
"Chase Ultimate Rewards","Chase Slate","Chase","https://creditcards.chase.com/credit-cards/chase-slate?iCELL=61FY"," Intro balance transfer offer Pay no balance transfer fee when you transfer a balance during the first 60 days your account is open.† After the first 60 days your account is open, the fee for future balance transfers is 5% of the amount transferred, with a minimum of $5.† ",0,0,0,0,0,0,0,"https://creditcards.chase.com/R-Marketplace/1110008/images/cardart/slate_card.png",0.021,0
"Chase Ultimate Rewards","AARP Credit Card from Chase","Chase","https://creditcards.chase.com/credit-cards/aarp?iCELL=61FY"," $100 Bonus Cash Back after you spend $500 on purchases in the first 3 months. ",100,0,0,0,0,0,500,"https://creditcards.chase.com/R-Marketplace/1110008/images/cardart/aarp_card.png",0.021,100
"Chase Ultimate Rewards","Amazon Rewards Visa Signature Card","Chase","https://creditcards.chase.com/credit-cards/amazon-rewards?iCELL=61FY"," $50 Amazon.com Gift Card will be instantly loaded into your Amazon.com account upon the approval of your credit card application. ",0,0,0,0,0,0,0,"https://creditcards.chase.com/R-Marketplace/1110008/images/cardart/amazon_card.png",0.021,0
"Choice Privileges","Choice Privileges Visa Signature Card","Barclay","https://home.barclaycardus.com/cards/choice-privileges-visa-signature-card.html","32,000 bonus points after you spend $1,000 in purchases in the first 90 days  $0 annual fee",0,32000,0,0,0,0,1000,"https://home.barclaycardus.com/content/dam/bcuspublic/card-plastic/card-front/choice1.png",0.006,192
"Citi ThankYou Points","Citi ThankYou Premier Card","Citi","https://www.citi.com/credit-cards/credit-card-details/citi.action?ID=citi-thankyou-premier-credit-card&category=view-all-credit-cards&afc=1C2&intc=7~7~67~1~MCT~1~citi-thankyou-premier-credit-card~4MMZ5SR731C2L10202W","Earn 30,000 bonus ThankYouÂ® Points after you spend $3,000 in purchases with your card within the first 3 months of account opening.2 Earn 3X on Travel including Gas2 Earn 2X on Dining Out and Entertainment2 Earn 1X on Everything else2 Annual Fee $95 (Fee waived for the first 12 months)1",0,30000,0,0,1,95,3000,"https://www.citi.com/CRD/images/card_no_reflection/citi-thankyou-premier-credit-card.jpg",0.016,480
"Citi ThankYou Points","Citi ThankYou Preferred Card","Citi","https://www.citi.com/credit-cards/credit-card-details/citi.action?ID=citi-thankyou-credit-card-preferred-card&category=view-all-credit-cards&afc=1C2&intc=7~7~67~1~MCT~1~CMSDefaultOffer~1NMFFPK721C2L00101W","Earn 15,000 bonus points aftermaking $1,000 in purchases within 3 months of account opening2 Earn 2X on Dining Out and Entertainment2Earn 1X on Everything else2",0,15000,0,0,0,0,1000,"https://www.citi.com/CRD/images/card_no_reflection/citi-thankyou-credit-card-preferred-card.jpg",0.016,240
"Citi ThankYou Points","Costco Anywhere Visa Business Card by Citi","Citi","https://www.citi.com/credit-cards/credit-card-details/citi.action?ID=Citi-costco-anywhere-visa-business-credit-card&category=view-all-credit-cards&afc=1C2&intc=7~7~67~1~MCT~1~CMSDefaultOffer~6VID127661C2111111W","GO BIG with cash back rewards for business Earn Costco cash rewards everywhere VisaÂ® is accepted.",0,0,0,0,0,0,0,"https://www.citi.com/CRD/images/card_no_reflection/Citi-costco-anywhere-visa-business-credit-card.jpg",0.016,0
"Citi ThankYou Points","Citi Secured Mastercard","Citi","https://www.citi.com/credit-cards/credit-card-details/citi.action?ID=citi-secured-credit-card&category=view-all-credit-cards&afc=1C2&intc=7~7~67~1~MCT~1~CMSDefaultOffer~1P5ZA2Q711C2L00101W","Start building credit for tomorrow with a secured credit card  No Annual Fee1",0,0,0,0,0,0,0,"https://www.citi.com/CRD/images/card_no_reflection/citi-secured-credit-card.jpg",0.016,0
"Citi ThankYou Points","Citi ThankYou Preferred Card for College Students","Citi","https://www.citi.com/credit-cards/credit-card-details/citi.action?ID=citi-thankyou-preferred-credit-cards-for-college-students&category=view-all-credit-cards&intc=7~7~67~1~MCT~1~CMSDefaultOffer~4CYCZ4J6Y0ZL000001W","Earn 2,500 bonus points after spending $500 within the first 3 months of account opening.2",0,2500,0,0,0,0,500,"https://www.citi.com/CRD/images/card_no_reflection/citi-thankyou-preferred-credit-cards-for-college-students.jpg",0.016,40
"Citi ThankYou Points","Costco Anywhere Visa Card by Citi","Citi","https://www.citi.com/credit-cards/credit-card-details/citi.action?ID=Citi-costco-anywhere-visa-credit-card&category=view-all-credit-cards&afc=1C2&intc=7~7~67~1~MCT~1~CMSDefaultOffer~GIDC125661C2111111W","GO BIG with cash back rewards Earn Costco cash rewards everywhere VisaÂ® is accepted.",0,0,0,0,0,0,0,"https://www.citi.com/CRD/images/card_no_reflection/Citi-costco-anywhere-visa-credit-card.jpg",0.016,0
"Citi ThankYou Points","AT&T Access Card From Citi","Citi","https://www.citi.com/credit-cards/credit-card-details/citi.action?ID=citi-att-access-credit-card&category=view-all-credit-cards&afc=1C2&intc=7~7~67~1~MCT~1~CMSDefaultOffer~6AKZ17D681C2111111W","Earn 10,000 Bonus ThankYouÂ® Points after making 1,000 in purchases within 3 months of account opening.Plus earn 2X points on purchases made online at retail and travel websites.",0,10000,0,0,0,0,0,"https://www.citi.com/CRD/images/card_no_reflection/citi-att-access-credit-card.jpg",0.016,160
"Citi ThankYou Points","Citi Prestige Card","Citi","https://www.citi.com/credit-cards/credit-card-details/citi.action?ID=citi-prestige-card&category=view-all-credit-cards&afc=1C2&intc=7~7~67~1~MCT~1~citi-prestige-card~4KMZ13Q671C2H10203W","Earn 40,000 bonus points   after making $4,000 in purchases within the first 3 months of account opening. Annual Fee $450",0,40000,0,250,0,450,4000,"https://www.citi.com/CRD/images/card_no_reflection/citi-prestige-card.jpg",0.016,440
"Citi ThankYou Points","Citi Double Cash Card","Citi","https://www.citi.com/credit-cards/credit-card-details/citi.action?ID=citi-double-cash-credit-card&category=view-all-credit-cards&afc=1C2&intc=7~7~67~1~MCT~1~citi-double-cash-credit-card~4T5ZMCS711C2L10203W","Earn Cash Back TWICE with 1% on purchases and 1% as you pay for those purchases in full or over time.",0,0,0,0,0,0,0,"https://www.citi.com/CRD/images/card_no_reflection/citi-double-cash-credit-card.jpg",0.016,0
"Citi ThankYou Points","Citi Diamond Preferred Card","Citi","https://www.citi.com/credit-cards/credit-card-details/citi.action?ID=citi-diamond-preferred-credit-card&category=view-all-credit-cards&afc=1C2&intc=7~7~67~1~MCT~1~citi-diamond-preferred-credit-card~4DNZ5S9721C2L10201W","Our lowest intro APR for 21 months plus VIP access.",0,0,0,0,0,0,0,"https://www.citi.com/CRD/images/card_no_reflection/citi-diamond-preferred-credit-card.jpg",0.016,0
"Citi ThankYou Points","Citi Simplicity Card","Citi","https://www.citi.com/credit-cards/credit-card-details/citi.action?ID=citi-simplicity-credit-card&category=view-all-credit-cards&afc=1C2&intc=7~7~67~1~MCT~1~citi-simplicity-credit-card~4DPZW5F721C2L10203W","To be simple is to be great. This is the only card with No Late Fees, No Penalty Rate and No Annual Fee - Ever. Plus our lowest intro APR for 21 months on purchases and balance transfers.",0,0,0,0,0,0,0,"https://www.citi.com/CRD/images/card_no_reflection/citi-simplicity-credit-card.jpg",0.016,0
"Citi ThankYou Points","EXPEDIA + VOYAGER CARD from Citi","Citi","https://www.citi.com/credit-cards/credit-card-details/citi.action?ID=expedia-plus-voyager&category=view-all-credit-cards&afc=1C2&intc=7~7~67~1~MCT~1~expedia-plus-voyager~4WHIE97711C2L10201W","Earn a 25,000 Expedia+ bonus points after $2,000 in purchases within 3 months of account opening Annual Fee: $95",0,25000,0,0,0,95,2000,"https://www.citi.com/CRD/images/card_no_reflection/expedia-plus-voyager.jpg",0.016,305
"Citi ThankYou Points","EXPEDIA + CARD from Citi","Citi","https://www.citi.com/credit-cards/credit-card-details/citi.action?ID=expedia-plus&category=view-all-credit-cards&afc=1C2&intc=7~7~67~1~MCT~1~expedia-plus~4WCIE95711C2L10201W","Earn 15,000 Expedia+ bonus points  after $1,000 in purchases within 3 months of account opening",0,15000,0,0,0,0,1000,"https://www.citi.com/CRD/images/card_no_reflection/expedia-plus.jpg",0.016,240
"Club Carlson","Club Carlson Premier Rewards Visa Signature Card","US","https://www.usbank.com/credit-cards/club-carlson-premier-rewards-visa-signature-credit-card.html","Earn 85,000 Bonus Gold Points after you spend $2,500 on your card in the first 90 days",0,85000,0,0,0,75,2500,"https://www.usbank.com//images/Credit_Cards_110x170/card_credit_110_70_CC_sig.png?1484",0.004,265
"Club Carlson","Club Carlson Rewards Visa Signature Card","US","https://www.usbank.com/credit-cards/club-carlson-rewards-visa-signature-credit-card.html","Earn 60,000 Bonus Gold Points after you spend $1,500 on your card in the first 90 days",0,60000,0,0,0,50,1500,"https://www.usbank.com//images/Credit_Cards_110x170/card_credit_110_70_CC_sig.png?489",0.004,190
"Club Carlson","Club Carlson Rewards Visa Card","US","https://www.usbank.com/credit-cards/club-carlson-rewards-visa-credit-card.html","Earn 30,000 Bonus Gold Points after you spend $1,000 on your card in the first 90 days",0,30000,0,0,0,0,1000,"https://www.usbank.com//images/Credit_Cards_110x170/club_carlson_rewards_visa_card.png?1484",0.004,120
"Delta","Gold Delta SkyMiles Business Credit Card","Amex","https://www.americanexpress.com/us/small-business/credit-cards/gold-delta-skymiles-business-credit-card/44281?linknav=us-acq-open-aj-allcards-golddelta-lm","Earn 60,000 bonus miles after you make $4,000 in purchases on your new Card within your first 4 months† and a $50 statement credit after you make a Delta purchase with your new Card within your first 4 months.† Offer ends 7/05/2017.",0,60000,0,50,1,95,4000,"https://icm.aexp-static.com/Internet/Acquisition/US_en/AppContent/OPEN/AJ/ngaosbn/OAimages/amex-open/cardarts/thumbnail/flat/retina/flat-cardart-113.png?version=8",0.012,770
"Delta","Delta Reserve for Business Credit Card","Amex","https://www.americanexpress.com/us/small-business/credit-cards/delta-reserve-business-credit-card/44281?linknav=us-acq-open-aj-allcards-deltareserve-lm","Earn 10,000 Medallion® Qualification Miles (MQMs) and 10,000 bonus miles after your first purchase on the Card.†",0,10000,0,0,0,450,0,"https://icm.aexp-static.com/Internet/Acquisition/US_en/AppContent/OPEN/AJ/ngaosbn/OAimages/amex-open/cardarts/thumbnail/flat/retina/flat-cardart-756.png?version=8",0.012,-330
"Delta","Platinum Delta SkyMiles Credit Card","Amex","https://www.americanexpress.com/us/credit-cards/card/platinum-delta-skymiles/","Limited Time OfferEarn 70,000 Bonus Milesand 10,000 Medallion® Qualification Miles (MQMs) after you spend $4,000 in purchases on your new Card in your first 4 months. In addition, earn a $100 statement credit after you make a Delta purchase with your new Card within your first 4 months. Special Offer Expires on 7/5/2017.†",0,70000,0,100,0,195,4000,"https://icm.aexp-static.com/Internet/Acquisition/US_en/AppContent/OneSite/category/cardarts/platinum-delta-skymiles.png",0.012,745
"Delta","Gold Delta SkyMiles Credit Card","Amex","https://www.americanexpress.com/us/credit-cards/card/delta-skymiles/","Limited Time OfferEarn 60,000 Bonus Milesafter you spend $3,000 in purchases on your new Card within your first 4 months and a $50 statement credit after you make a Delta purchase with your new Card within your first 4 months. Special offer expires on 7/5/2017.†",0,60000,0,50,1,95,3000,"https://icm.aexp-static.com/Internet/Acquisition/US_en/AppContent/OneSite/category/cardarts/gold-delta-skymiles.png",0.012,770
"Delta","Platinum Delta SkyMiles Business Credit Card","Amex","https://www.americanexpress.com/us/small-business/credit-cards/platinum-delta-skymiles-business-credit-card/44281?linknav=us-acq-open-aj-allcards-platinumdelta-lm","LIMITED TIME OFFEREarn10,000Medallion® Qualification Miles (MQMs)and 70,000 bonus miles after you spend $5,000 in purchases on your new Card in your first 4 months.† In addition, earn a $100 statement credit after you make a Delta purchase with your new Card within your first 4 months.†Offer ends 7/05/2017.",0,70000,0,100,0,195,5000,"https://icm.aexp-static.com/Internet/Acquisition/US_en/AppContent/OPEN/AJ/ngaosbn/OAimages/amex-open/cardarts/thumbnail/flat/retina/flat-cardart-141.png?version=8",0.012,745
"Delta","Delta Reserve Credit Card from American Express","Amex","https://www.americanexpress.com/us/credit-cards/card/delta-reserve/","Earn 10,000 Medallion® Qualification Miles (MQMs)Earn 10,000 Medallion® Qualification Miles (MQMs) and 10,000 bonus miles after your first purchase on the Card.†",0,10000,0,0,0,450,0,"https://icm.aexp-static.com/Internet/Acquisition/US_en/AppContent/OneSite/category/cardarts/delta-reserve.png",0.012,-330
"Diamond Resorts","Diamond Resorts International MasterCard","Barclay","https://home.barclaycardus.com/cards/diamond-resorts-international-mastercard.html","2,500 bonus Diamond Plus Points after your first purchase",0,2500,0,0,0,0,0,"https://home.barclaycardus.com/content/dam/bcuspublic/card-plastic/card-front/diamond1.png",0.01,25
"FlexPerks","US Bank Altitude Reserve Visa Infinite Card","US","http://mycard.usbank.com/credit/teamsite/html/altitude_reserve.html","delete",0,0,0,0,0,400,0,"https://www.usbank.com//images/Credit_Cards_110x170/usbank_altitude_110x70.png?123",0.015,-400
"FlexPerks","US Bank Visa Platinum Card","US","http://mycard.usbank.com/platinumvisa","With Platinum, you get a special 0% introductory APR* on purchases and balance transfers for 15 billing cycles and thereafter, a variable APR, currently 10.74% - 22.74%.",0,0,0,0,0,400,0,"https://www.usbank.com//images/Credit_Cards_110x170/card_credit_110_70_Platinum.png",0.015,-400
"FlexPerks","US Bank Cash American Express Card","US","http://mycard.usbank.com/cash365Amex","The U.S. Bank Cash 365™ American Express® Card offers you 1.5% cash back1 on everyday eligible net purchases.2",0,0,0,0,0,0,0,"https://www.usbank.com//images/Credit_Cards_110x170/cash_365_110_70.png",0.015,0
"FlexPerks","US Bank Cash+ Visa Signature Card","US","http://mycard.usbank.com/cashplus","delete",0,0,0,0,0,0,0,"https://www.usbank.com//images/Credit_Cards_110x170/USB_Cash_Plus_Visa_110_70.png",0.015,0
"FlexPerks","US Bank FlexPerks Travel Rewards Visa Signature Card","US","http://mycard.usbank.com/flexperksvisa","With the FlexPerks® Travel Rewards Visa Signature® Card, you can earn 20,000 enrollment FlexPoints after you spend $2,000 in the first four months of account opening.1",0,20000,0,0,1,49,2000,"https://www.usbank.com//images/Credit_Cards_110x170/card_credit_110_70_FlexPerks_Travel_signature.png?123",0.015,300
"FlexPerks","US Bank FlexPerks Gold American Express Card","US","http://mycard.usbank.com/flexperksgoldamex","With the new U.S. Bank FlexPerks® Gold American Express® Card, you earn premium rewards such as 3x points at restaurants1 and 2X points at gas stations2 and at airlines2 - which will help you reach your next travel experience that much quicker.",0,0,0,0,0,85,0,"https://www.usbank.com//images/Credit_Cards_110x170/Gold_Amex_110_70.png",0.015,-85
"FlexPerks","US Bank FlexPerks Select+ American Express Card","US","https://www.usbank.com/credit-cards/flexperks-select-plus-american-express-card.html","Earn 10,000 enrollment FlexPoints with a new FlexPerks Select+ Card after you spend $1,000 in eligible Net Purchases on your Card within the first four months of account opening.1",0,10000,0,0,0,0,1000,"https://www.usbank.com//images/credit-card/110x70-select.png",0.015,150
"FlexPerks","REWARDS Visa Card","US","https://www.usbank.com/credit-cards/1-2-3-rewards-visa-credit-card.html","Get unlimited rewards at Kroger, King Soopers, City Market, Dillons, Baker's, Smith's, Fry's and QFC.",0,0,0,0,0,0,0,"https://www.usbank.com//images/Credit_Cards_110x170/card_credit_S_1-2-3Rewards.jpg",0.015,0
"FlexPerks","Ace Rewards Visa Signature Card","US","https://www.usbank.comace-rewards-visa-credit-card.html","delete",0,0,0,0,0,0,0,"https://www.usbank.com//images/credit-card/ACE_110x70.png",0.015,0
"FlexPerks","Fred Meyer Rewards Visa Card","US","https://www.usbank.com/credit-cards/fred-meyer-rewards-visa-credit-card.html","Earn Rewards and save up to $1.25 off a gallon of fuel for ONE YEAR!3",0,0,0,0,0,0,0,"https://www.usbank.com//images/Credit_Cards_110x170/reward_fredMeyer_card_S.jpg",0.015,0
"FlexPerks","Gymboree Visa Card","US","https://www.usbank.com/credit-cards/gymboree-visa-credit-card.html","You'll receive a 5% discount instantly on all Gymboree clothing store purchases.",0,0,0,0,0,0,0,"https://www.usbank.com//images/Credit_Cards_110x170/card_credit_110_70_gymboree.png",0.015,0
"FlexPerks","Harley Davidson Visa Signature Card","US","https://www.usbank.com/credit-cards/harley-davidson-visa-signature-credit-card.html","The H-D™ Visa Signature® card helps you earn more rewards faster. It comes with benefits that make it a classic through and through.",0,0,0,0,0,0,0,"https://www.usbank.com//images/Credit_Cards_110x170/card_credit_110_70_HD_sig.png?6-15",0.015,0
"FlexPerks","Polaris Visa Card","US","https://www.usbank.com/credit-cards/polaris-visa-credit-card.html","Get started with 0% Intro APR1 on purchase and balance transfers for 12 billing cycles. After that, a variable APR currently 14.74% - 23.74%1. Use your Polaris Visa Card for anything at your dealership – even service – and earn Polaris Cash!",0,0,0,0,0,0,0,"https://www.usbank.com//images/Credit_Cards_110x170/card_credit_110_70_Polaris.png",0.015,0
"FlexPerks","Ralphs Rewards Visa Card","US","https://www.usbank.com/credit-cards/ralphs-rewards-plus-visa-credit-card.html","Everyday rewards for everyday shopping when you use the Ralphs Rewards Visa® Card",0,0,0,0,0,0,0,"https://www.usbank.com//images/Credit_Cards_110x170/card_credit_S_Ralphs.jpg",0.015,0
"FlexPerks","REI Co op Mastercard","US","https://www.usbank.com/credit-cards/rei-mastercard.html","The REI Co-op Mastercard is the only credit card that helps you get a bigger REI dividend and gives back to the outdoors. Everyday purchases increase your dividend when you use your REI Co-op Mastercard.",0,0,0,0,0,0,0,"https://www.usbank.com//images/credit-card/110x70-REI-r.png",0.015,0
"FlexPerks","Harley Davidson Visa Secured Card","US","https://www.usbank.com/credit-cards/harley-davidson-visa-secured-credit-card.html","If you’re looking to earn H-D™ Genuine Rewards points while you build or re-establish your credit history,1 the Harley-Davidson® Secured Card is for you.",0,0,0,0,0,0,0,"https://www.usbank.com//images/Credit_Cards_110x170/card_credit_110_70_HD_sec.png?6-15",0.015,0
"FlexPerks","US Bank Secured Visa Card","US","https://www.usbank.com/credit-cards/secured-card.html","Get worldwide purchasing power and flexibility as you work to build or re-establish your credit history.1",0,0,0,0,0,29,0,"https://www.usbank.com//images/credit-card/usbank-compare.png",0.015,-29
"Frontier","Frontier Airlines World MasterCard","Barclay","https://home.barclaycardus.com/cards/frontier-airlines-world-mastercard.html","Earn 40,000 bonus miles",0,40000,0,0,1,69,500,"https://home.barclaycardus.com/content/dam/bcuspublic/card-plastic/card-front/FTA_card_rCMY_Frontier_Fee_WM_F76877_EMV_230x157_v2.png",0.011,440
"Hawaiian","Hawaiian Airlines World Elite MasterCard","Barclay","https://home.barclaycardus.com/cards/hawaiian-airlines-world-elite-mastercard.html","Earn 35,000 bonus miles",0,35000,0,0,0,89,1000,"https://home.barclaycardus.com/content/dam/bcuspublic/card-plastic/card-front/hawaiian1.png",0.01,261
"Hilton","Citi Hilton Honors Reserve Card","Citi","https://www.citi.com/credit-cards/credit-card-details/citi.action?ID=hilton-honors-reserve-card&category=view-all-credit-cards&afc=1C2&intc=7~7~67~1~MCT~1~CMSDefaultOffer~62HZ17A711C2L00101W","Earn two weekend night certificates  after making $2,500 in purchases within the first 4 months of account opening.1 Annual Fee: $951",0,0,0,0,0,95,2500,"https://www.citi.com/CRD/images/card_no_reflection/hilton-honors-reserve-card.jpg",0.005,-95
"Hilton","Citi Hilton Honors Visa Signature Card","Citi","https://www.citi.com/credit-cards/credit-card-details/citi.action?ID=hilton-honors-visa-signature-card&category=view-all-credit-cards&afc=1C2&intc=7~7~67~1~MCT~1~hilton-honors-visa-signature-card~FPSHCN5731C2L10202W","Earn 40,000 Hilton HonorsTM Bonus Points after making $1,000 in purchases within the first 4 months of account opening.",0,40000,0,0,0,0,1000,"https://www.citi.com/CRD/images/card_no_reflection/hilton-honors-visa-signature-card.jpg",0.005,200
"Hilton","Hilton Honors Card from American Express","Amex","https://www.americanexpress.com/us/credit-cards/card/hilton-honors/","Earn 50,000 Hilton Honors Bonus Pointsafter you spend $1,000 in purchases on the Card within your first 3 months of Card Membership.†",0,50000,0,0,0,0,1000,"https://icm.aexp-static.com/Internet/Acquisition/US_en/AppContent/OneSite/category/cardarts/hilton-honors.png",0.005,250
"Hilton","Hilton Honors Surpass Card from American Express","Amex","https://www.americanexpress.com/us/credit-cards/card/hilton-honors-surpass/","Earn 75,000 Hilton Honors™ Bonus Pointsafter you spend $3,000 in purchases on the Card within your first 3 months of Card Membership.†",0,75000,0,0,0,75,3000,"https://icm.aexp-static.com/Internet/Acquisition/US_en/AppContent/OneSite/category/cardarts/hilton-honors-surpass.png",0.005,300
"Holland America","Holland America Line Rewards Visa Card","Barclay","https://home.barclaycardus.com/cards/holland-america-line-rewards-visa-card.html","5,000 bonus points after first purchase",0,5000,0,0,0,0,0,"https://home.barclaycardus.com/content/dam/bcuspublic/card-plastic/card-front/HAL_card_rRGB_HollandVS_Flat_230x157.png",0.01,50
"Hyatt","The Hyatt Credit Card","Chase","https://creditcards.chase.com/credit-cards/hyatt?iCELL=61FY"," 2 free nights at Hyatt hotels and resorts worldwide after you make $2,000 on purchases in the first 3 months after account opening. ",0,0,2,0,0,75,2000,"https://creditcards.chase.com/R-Marketplace/1110008/images/cardart/hyatt_card.png",0.018,225
"IHG","IHG Rewards Club Select Credit Card","Chase","https://creditcards.chase.com/credit-cards/ihg-rewards-club?iCELL=61FY"," 60,000 bonus points After you spend $1,000 on purchases in the first 3 months of account opening. ",0,60000,0,0,1,49,1000,"https://creditcards.chase.com/R-Marketplace/1110008/images/cardart/ihg_card.png",0.007,420
"JetBlue","JetBlue Card","Barclay","https://home.barclaycardus.com/cards/jetblue-card.html","Earn 5,000 bonus points after you spend $1,000 on purchases in the first 90 days",0,5000,0,0,0,0,1000,"https://home.barclaycardus.com/content/dam/bcuspublic/card-plastic/card-front/JB1_JBM_card_rRGB_NoFee_Green_WM_230x157.png",0.012,60
"LANPASS","LANPASS Visa Signature Card","US","https://www.usbank.com/credit-cards/lanpass-visa-signature-credit-card.html","Earn 20,000 bonus miles after your first card use.1",0,20000,0,0,1,75,0,"https://www.usbank.com//images/Credit_Cards_110x170/card_credit_110_70_LANPass_sig.png?875498",0.01,200
"LANPASS","LANPASS Visa Secured Card","US","https://www.usbank.com/credit-cards/lanpass-visa-secured-credit-card.html","Earn 5,000 Bonus Miles after your first card use.2",0,5000,0,0,1,25,0,"https://www.usbank.com//images/Credit_Cards_110x170/card_credit_110_70_LANPass_sec.png?87647",0.01,50
"LANPASS","LANPASS Visa Card","US","https://www.usbank.com/credit-cards/lanpass-visa-credit-card.html","Earn 15,000 Bonus Miles after your first card use.1",0,15000,0,0,1,45,0,"https://www.usbank.com//images/Credit_Cards_110x170/card_credit_110_70_LANPass.png?87128",0.01,150
"Marriott","Marriott Rewards Premier","Chase","https://creditcards.chase.com/credit-cards/marriott-premier?iCELL=61FY"," 80,000 Bonus points after you spend $3,000 on purchases in your first 3 months from your account opening with your Marriott Rewards Premier credit card. ",0,80000,0,0,0,85,3000,"https://creditcards.chase.com/R-Marketplace/1110008/images/cardart/marriott_premier_card.png",0.007,475
"Marriott","Marriott Rewards Premier Business","Chase","https://creditcards.chase.com/credit-cards/small-business/marriott-premier-business?iCELL=61FY"," 80,000 Bonus points after you spend $3,000 on purchases in your first 3 months from your account opening with your Marriott Rewards Premier Business credit card. ",0,80000,0,0,0,99,3000,"https://creditcards.chase.com/R-Marketplace/1110008/images/cardart/marriott_premier_biz_card.png",0.007,461
"Miles & More","Miles & More World Elite MasterCard","Barclay","https://home.barclaycardus.com/cards/lufthansa-miles-more-world-elite-mastercard.html","0",0,35000,0,0,0,89,1000,"https://home.barclaycardus.com/content/dam/bcuspublic/card-plastic/card-front/lufthansa1.png",0.014,401
"Norwegian","Norwegian Cruise Line","BOA","https://www.bankofamerica.com/credit-cards/products/norwegian-cruise-lines-credit-card/","Earn 10,000 Bonus WorldPoints® reward points if you make your first transaction in the first 90 days",0,10000,0,0,0,0,0,"https://www.bankofamerica.com/content/images/ContextualSiteGraphics/CreditCardArt/en_US/Approved_PCM/radz_wldvhd_mc_250x158.png",0.01,100
"Princess","Princess Cruises Rewards Visa Card","Barclay","https://home.barclaycardus.com/cards/princess-cruises-rewards-visa-card.html","5,000 bonus points after first purchase",0,5000,0,0,0,0,0,"https://home.barclaycardus.com/content/dam/bcuspublic/card-plastic/card-front/princess1.png",0.01,50
"Ritz Carlton","The Ritz Carlton Rewards Credit Card","Chase","https://creditcards.chase.com/credit-cards/ritz-carlton-rewards?iCELL=61FY"," Two complimentary nights at any participating Tier 1-4 Ritz-Carlton hotel, after you spend $4,000 on purchases in the first 3 months after account opening. ",0,0,2,300,0,450,4000,"https://creditcards.chase.com/R-Marketplace/1110008/images/cardart/ritz_carlton_card.png",0.007,150
"Royal Caribbean","Royal Caribbean","BOA","https://www.bankofamerica.com/credit-cards/products/royal-caribbean-credit-card/","10,000 MyCruise® bonus points offer",0,10000,0,0,0,0,3500,"https://www.bankofamerica.com/content/images/ContextualSiteGraphics/CreditCardArt/en_US/Approved_PCM/raem_sigcm_v_250x158.png",0.01,100
"SKYPASS","SKYPASS Visa Signature Card","US","https://www.usbank.com/credit-cards/skypass-visa-signature-credit-card.html","Earn 15,000 SKYPASS Bonus Miles after your first purchase.1",0,15000,0,0,0,80,0,"https://www.usbank.com//images/credit-card/skypass-visa-signature-compare.png",0.01,70
"SKYPASS","SkyBlue SKYPASS Visa Card","US","https://www.usbank.com/credit-cards/skyblue-skypass-visa-credit-card.html","Earn 5,000 SKYPASS Bonus Miles after your first purchase.1",0,5000,0,0,0,0,0,"https://www.usbank.com//images/credit-card/skyblue-skypass-visa-compare.png",0.01,50
"SKYPASS","SKYPASS Visa Classic Card","US","https://www.usbank.com/credit-cards/skypass-visa-classic-credit-card.html","Earn 5,000 SKYPASS Bonus Miles after your first purchase.1",0,5000,0,0,0,50,0,"https://www.usbank.com//images/credit-card/skypass-visa-classic-compare.png",0.01,0
"SKYPASS","SKYPASS Visa Secured Card","US","https://www.usbank.com/credit-cards/skypass-visa-secured-credit-card.html","Earn 5,000 Bonus Miles after your first purchase.2",0,5000,0,0,0,50,0,"https://www.usbank.com//images/credit-card/skypass-visa-classic-compare.png",0.01,0
"Southwest","Southwest Rapid Rewards Premier Business Credit Card","Chase","https://creditcards.chase.com/credit-cards/small-business/southwest-premier-business?iCELL=61FY"," 60,000 bonus points after you spend $3,000 on purchases in the first 3 months your account is open. ",0,60000,0,0,0,99,3000,"https://creditcards.chase.com/R-Marketplace/1110008/images/cardart/swa_premier_biz_card.png",0.015,801
"Southwest","Southwest Rapid Rewards Premier Credit Card","Chase","https://creditcards.chase.com/credit-cards/southwest-premier?iCELL=61FY"," 40,000 bonus points after you spend $1,000 on purchases in the first 3 months your account is open. ",0,40000,0,0,0,99,1000,"https://creditcards.chase.com/R-Marketplace/1110008/images/cardart/swa_premier_card.png",0.015,501
"Southwest","Southwest Rapid Rewards Plus Credit Card","Chase","https://creditcards.chase.com/credit-cards/southwest-plus?iCELL=61FY"," 40,000 bonus points after you spend $1,000 on purchases in the first 3 months your account is open. ",0,40000,0,0,0,69,1000,"https://creditcards.chase.com/R-Marketplace/1110008/images/cardart/swa_plus_card.png",0.015,531
"Spirit","Spirit Airlines","BOA","https://www.bankofamerica.com/credit-cards/products/spirit-airlines-credit-card/","15,000 bonus miles offer",0,15000,0,0,1,59,0,"https://www.bankofamerica.com/content/images/ContextualSiteGraphics/CreditCardArt/en_US/Approved_PCM/ragb_wldcm_mc_250x158.png",0.01,150
"Starwood","Starwood Preferred Guest Business Credit Card","Amex","https://www.americanexpress.com/us/small-business/credit-cards/starwood-business-credit-card/44281?linknav=us-acq-open-aj-allcards-starwood-lm","Earn 25,000 bonus Starpoints®after you use your Card to make $5,000 in purchases within the first 3 months.†",0,25000,0,0,1,95,5000,"https://icm.aexp-static.com/Internet/Acquisition/US_en/AppContent/OPEN/AJ/ngaosbn/OAimages/amex-open/cardarts/thumbnail/flat/retina/flat-cardart-474.png?version=8",0.025,625
"Starwood","The Starwood Preferred Guest Credit Card from American Express","Amex","https://www.americanexpress.com/us/credit-cards/card/starwood-preferred-guest/","Earn 25,000 bonus Starpoints®after you use your new Card to make $3,000 in purchases within the first 3 months.†",0,25000,0,0,1,95,3000,"https://icm.aexp-static.com/Internet/Acquisition/US_en/AppContent/OneSite/category/cardarts/starwood-preferred-guest.png",0.025,625
"United","United MileagePlus Explorer Business card","Chase","https://creditcards.chase.com/credit-cards/small-business/united-mileageplus-explorer-business?iCELL=61FY"," 50,000 bonus miles after you spend $3,000 on purchases in the first 3 months your account is open. ",0,50000,0,0,1,95,3000,"https://creditcards.chase.com/R-Marketplace/1110008/images/cardart/united_biz_card.png",0.015,750
"United","United MileagePlus Club card","Chase","https://creditcards.chase.com/credit-cards/united-mileageplus-club?iCELL=61FY"," $100 statement credit after your first purchase. ",100,0,0,0,0,450,0,"https://creditcards.chase.com/R-Marketplace/1110008/images/cardart/united_club_card.png",0.015,-350
"United","United MileagePlus Explorer card","Chase","https://creditcards.chase.com/credit-cards/united-mileageplus-explorer?iCELL=61FY"," 50,000 bonus miles after you spend $3,000 on purchases in the first 3 months from account opening. ",0,50000,0,0,0,95,3000,"https://creditcards.chase.com/R-Marketplace/1110008/images/cardart/united_mileageplus_explorer_card.png",0.015,655
"Virgin Atlantic","Virgin Atlantic","BOA","https://www.bankofamerica.com/credit-cards/products/virgin-atlantic-credit-card/","Get 20,000 Flying Club bonus miles after your first purchase",0,20000,0,0,0,90,0,"https://www.bankofamerica.com/content/images/ContextualSiteGraphics/CreditCardArt/en_US/Approved_PCM/rafu_wldeltcm_mc_blk_250x158.png",0.015,210
"Wyndham","Wyndham Rewards Visa Card","Barclay","https://home.barclaycardus.com/cards/wyndham-rewards-visa-card.html","15,000 bonus points with first purchase",0,15000,0,0,0,0,0,"https://home.barclaycardus.com/content/dam/bcuspublic/card-plastic/card-front/wyndham1.png",0.012,180
